,col_reward,episodes,collision_wall,collision_obj,num_objective,avg_reward,avg_steps,time
0,-5.0,100.0,36.0,59.0,5.0,19453.5,10243.0,2.5273618698120117
1,-25.0,100.0,53.0,37.0,10.0,42935.5,9729.0,2.3658392429351807
2,-50.0,100.0,56.0,36.0,8.0,30960.0,8980.0,2.5157034397125244
3,-100.0,100.0,42.0,51.0,7.0,20474.0,10552.0,3.2909605503082275
4,-150.0,100.0,35.0,55.0,10.0,31856.5,9387.0,2.312822103500366
5,-200.0,100.0,41.0,48.0,11.0,32497.5,9505.0,2.422961473464966
