,col_reward,episodes,collision_wall,collision_obj,num_objective,avg_reward,avg_steps,time
0,-5.0,10000.0,1418.0,2194.0,5933.0,28626153.5,2051118.0,465.05795335769653
1,-25.0,10000.0,1711.0,2061.0,5735.0,27422194.0,2326519.0,518.9136695861816
2,-50.0,10000.0,1657.0,2032.0,6134.0,29849379.5,1282164.0,290.4219927787781
3,-100.0,10000.0,1366.0,2244.0,6229.0,30158329.0,1261181.0,284.7786223888397
4,-150.0,10000.0,1509.0,2125.0,6169.0,29618786.5,1372030.0,309.52325773239136
5,-200.0,10000.0,1450.0,2168.0,6094.0,28964356.5,1573799.0,358.38339161872864
