,pickup_reward,episodes,collision_wall,collision_obj,num_objective,avg_reward,avg_steps,time
0,1000.0,100.0,45.0,48.0,7.0,-7128.0,9756.0,4.4077534675598145
1,5000.0,100.0,51.0,43.0,6.0,15282.5,10735.0,3.480430841445923
2,10000.0,100.0,54.0,40.0,6.0,46392.5,8515.0,2.8343186378479004
3,20000.0,100.0,42.0,51.0,7.0,126474.5,8551.0,2.9474973678588867
4,30000.0,100.0,54.0,43.0,3.0,74669.0,11362.0,3.575206756591797
5,40000.0,100.0,38.0,49.0,13.0,505714.0,11272.0,3.587805986404419
