,pickup_reward,episodes,collision_wall,collision_obj,num_objective,avg_reward,avg_steps,time
0,500.0,10000.0,1514.0,2056.0,6370.0,2418850.5,828239.0,184.14371728897095
1,2500.0,10000.0,1418.0,2295.0,6110.0,14277310.5,1262602.0,287.0842697620392
2,5000.0,10000.0,1464.0,2055.0,6318.0,30624365.5,1237306.0,280.37376594543457
3,10000.0,10000.0,1921.0,2122.0,5466.0,53132235.0,2256439.0,516.9627895355225
4,15000.0,10000.0,1930.0,2192.0,5164.0,75742827.0,2619232.0,601.0998902320862
5,20000.0,10000.0,1419.0,2193.0,5584.0,109983300.0,2680196.0,627.1609733104706
