,pickup_reward,episodes,collision_wall,collision_obj,num_objective,avg_reward,avg_steps,time
0,-500.0,100.0,39.0,51.0,10.0,-3893.5,9887.0,3.608203172683716
1,-2500.0,100.0,50.0,45.0,5.0,10432.0,10236.0,5.5753068923950195
2,-5000.0,100.0,46.0,44.0,10.0,86058.5,9983.0,5.023471832275391
3,-10000.0,100.0,45.0,50.0,5.0,86699.0,7702.0,2.5638809204101562
4,-15000.0,100.0,41.0,48.0,11.0,316049.5,10201.0,3.2804858684539795
5,-20000.0,100.0,46.0,50.0,4.0,145589.5,9721.0,3.1174542903900146
